Time,data
1745022366.9908204,0.8795946836471558
1745022367.0437646,0.8949364423751831
1745022367.0931392,0.8755035400390625
1745022367.143281,0.8826630711555481
1745022367.193226,0.8959592580795288
1745022367.2444377,0.8990275859832764
1745022367.2940395,0.8887997269630432
1745022367.3437366,0.8795946836471558
1745022367.3926852,0.8949364423751831
1745022367.4453447,0.8949364423751831
1745022367.49888,0.8816402554512024
1745022367.5453568,0.8703896403312683
1745022367.593939,0.8785719275474548
1745022367.6459935,0.8642529249191284
1745022367.6953201,0.8765263557434082
1745022367.7462566,0.8816402554512024
1745022367.7942183,0.8826630711555481
1745022367.847706,0.8795946836471558
1745022367.896811,0.8795946836471558
1745022367.946474,0.8724352121353149
1745022367.9946826,0.8744807839393616
1745022368.0435414,0.883685827255249
1745022368.0932329,0.8877769708633423
1745022368.1457326,0.8826630711555481
1745022368.1948197,0.8693668246269226
1745022368.2449512,0.9051643013954163
1745022368.2942111,0.8826630711555481
1745022368.3467014,0.88470858335495
1745022368.3957124,0.8652756810188293
1745022368.4457848,0.88470858335495
1745022368.4952166,0.867321252822876
1745022368.5437293,0.867321252822876
1745022368.5934129,0.8826630711555481
1745022368.6425292,0.8939136862754822
1745022368.6908724,0.8877769708633423
1745022368.749328,0.8959592580795288
1745022368.7949314,0.8908452987670898
1745022368.843163,0.8949364423751831
1745022368.8922362,0.8775491118431091
1745022368.9443376,0.8806174993515015
1745022368.9937818,0.8867541551589966
1745022369.0438013,0.8693668246269226
1745022369.0979924,0.8765263557434082
1745022369.148257,0.8652756810188293
1745022369.1960137,0.883685827255249
1745022369.2440524,0.8898225426673889
1745022369.296562,0.8959592580795288
1745022369.345658,0.8898225426673889
1745022369.3959303,0.8795946836471558
1745022369.4489813,0.8724352121353149
1745022369.4993925,0.8703896403312683
1745022369.547374,0.8703896403312683
1745022369.5959482,0.883685827255249
1745022369.648692,0.8703896403312683
1745022369.6980221,0.8928908705711365
1745022369.748132,0.8795946836471558
1745022369.796931,0.883685827255249
1745022369.8507512,0.8877769708633423
1745022369.8997068,0.88470858335495
1745022369.948525,0.8755035400390625
1745022369.9977286,0.901073157787323
1745022370.0464537,0.8734579682350159
1745022370.0957227,0.8755035400390625
1745022370.144924,0.8785719275474548
1745022370.1951046,0.8795946836471558
1745022370.246724,0.8887997269630432
1745022370.2970114,0.8683440685272217
1745022370.3471715,0.8703896403312683
1745022370.3953757,0.883685827255249
1745022370.4473588,0.883685827255249
1745022370.4968536,0.8887997269630432
1745022370.546751,0.8765263557434082
1745022370.6007392,0.8509567379951477
1745022370.6517057,0.8867541551589966
1745022370.6984065,0.8724352121353149
1745022370.7494462,0.8928908705711365
1745022370.796143,0.8959592580795288
1745022370.8460894,0.8816402554512024
1745022370.8979883,0.8939136862754822
1745022370.9471722,0.8990275859832764
1745022370.9976861,0.8969820141792297
1745022371.0461845,0.8775491118431091
1745022371.099419,0.8826630711555481
1745022371.1482964,0.8755035400390625
1745022371.1977932,0.88470858335495
1745022371.2466707,0.8826630711555481
1745022371.2993124,0.8887997269630432
1745022371.348562,0.867321252822876
1745022371.3993053,0.88470858335495
1745022371.4492424,0.8734579682350159
1745022371.500495,0.8714123964309692
1745022371.5496266,0.8775491118431091
1745022371.5994937,0.8826630711555481
1745022371.6487594,0.8877769708633423
1745022371.700753,0.8887997269630432
1745022371.7501278,0.88470858335495
1745022371.8009152,0.8816402554512024
1745022371.8499098,0.8714123964309692
1745022371.90148,0.8857313990592957
1745022371.95225,0.8795946836471558
1745022372.0011268,0.8755035400390625
1745022372.0497477,0.8918681144714355
1745022372.1020777,0.8775491118431091
1745022372.152047,0.8806174993515015
1745022372.2011936,0.8959592580795288
1745022372.250129,0.8724352121353149
1745022372.299047,0.8816402554512024
1745022372.3487532,0.8887997269630432
1745022372.3978105,0.88470858335495
1745022372.4476988,0.8826630711555481
1745022372.4994488,0.8877769708633423
1745022372.5487678,0.8775491118431091
1745022372.5992522,0.8928908705711365
1745022372.6481357,0.8591390252113342
1745022372.700416,0.8806174993515015
1745022372.7494683,0.8795946836471558
1745022372.798981,0.883685827255249
1745022372.8486755,0.883685827255249
1745022372.9008398,0.8785719275474548
1745022372.9529018,0.8744807839393616
1745022373.00141,0.8816402554512024
1745022373.0523376,0.8755035400390625
1745022373.1029613,0.883685827255249
1745022373.1512413,0.8755035400390625
1745022373.2011468,0.8908452987670898
1745022373.2528725,0.883685827255249
1745022373.3022554,0.8867541551589966
1745022373.354377,0.8806174993515015
1745022373.4032319,0.8642529249191284
1745022373.4538484,0.8765263557434082
1745022373.5030916,0.8826630711555481
1745022373.5527523,0.8918681144714355
1745022373.6023097,0.8949364423751831
1745022373.6543493,0.8714123964309692
1745022373.70412,0.8990275859832764
1745022373.7538478,0.8918681144714355
1745022373.8037271,0.8898225426673889
1745022373.8550174,0.8703896403312683
1745022373.9044204,0.883685827255249
1745022373.9540238,0.883685827255249
1745022374.003735,0.8949364423751831
1745022374.0571957,0.8693668246269226
1745022374.10606,0.8785719275474548
1745022374.1586735,0.8755035400390625
1745022374.2043455,0.8887997269630432
1745022374.256771,0.8867541551589966
1745022374.305806,0.8775491118431091
1745022374.3563976,0.8816402554512024
1745022374.4051473,0.8785719275474548
1745022374.4584064,0.8816402554512024
1745022374.5070336,0.883685827255249
1745022374.5556242,0.8765263557434082
1745022374.6046598,0.8990275859832764
1745022374.6538262,0.8959592580795288
1745022374.7033002,0.8857313990592957
1745022374.7537408,0.8867541551589966
1745022374.8026404,0.8939136862754822
1745022374.8547008,0.883685827255249
1745022374.9056766,0.88470858335495
1745022374.957662,0.8806174993515015
1745022375.0060494,0.8887997269630432
1745022375.0558403,0.8755035400390625
1745022375.1052494,0.8867541551589966
1745022375.1548889,0.8867541551589966
1745022375.2077084,0.8642529249191284
1745022375.257947,0.8806174993515015
1745022375.3067424,0.8795946836471558
1745022375.3559155,0.8703896403312683
1745022375.4073951,0.8693668246269226
1745022375.4566972,0.8939136862754822
1745022375.5063133,0.8857313990592957
1745022375.5563276,0.8877769708633423
1745022375.609659,0.8867541551589966
1745022375.664214,0.8806174993515015
1745022375.7077127,0.8703896403312683
1745022375.757854,0.8928908705711365
1745022375.8052216,0.8775491118431091
1745022375.8579211,0.8683440685272217
1745022375.9075282,0.8795946836471558
1745022375.9568064,0.8928908705711365
1745022376.0064125,0.883685827255249
1745022376.058844,0.8867541551589966
1745022376.1079707,0.8806174993515015
1745022376.1573675,0.8795946836471558
1745022376.2074342,0.8877769708633423
1745022376.259508,0.8816402554512024
1745022376.3100286,0.8928908705711365
1745022376.3608823,0.8765263557434082
1745022376.4096932,0.8795946836471558
1745022376.4604669,0.8826630711555481
1745022376.509638,0.9092554450035095
1745022376.5593245,0.8693668246269226
1745022376.607774,0.8918681144714355
1745022376.6609843,0.8959592580795288
1745022376.7106204,0.8959592580795288
1745022376.7598996,0.9041415452957153
1745022376.8099635,0.8857313990592957
1745022376.8598597,0.9000504016876221
1745022376.9078743,0.883685827255249
1745022376.956225,0.8887997269630432
1745022377.0088735,0.8877769708633423
1745022377.0581331,0.8806174993515015
1745022377.1079931,0.8877769708633423
1745022377.1570692,0.8806174993515015
1745022377.2101455,0.8806174993515015
1745022377.25914,0.88470858335495
1745022377.3092213,0.8734579682350159
1745022377.358022,0.8816402554512024
1745022377.4102874,0.8714123964309692
1745022377.459545,0.8857313990592957
1745022377.5093975,0.8928908705711365
1745022377.5617776,0.8877769708633423
1745022377.6112695,0.9020959734916687
1745022377.6601446,0.8570934534072876
1745022377.7100613,0.8765263557434082
1745022377.7593584,0.8816402554512024
1745022377.8116355,0.8765263557434082
1745022377.861157,0.8642529249191284
1745022377.9105563,0.8693668246269226
1745022377.9601605,0.8867541551589966
1745022378.012953,0.8939136862754822
1745022378.0626962,0.8755035400390625
1745022378.1119535,0.8765263557434082
1745022378.1641276,0.8765263557434082
1745022378.2096872,0.883685827255249
1745022378.2622,0.8877769708633423
1745022378.312108,0.8775491118431091
1745022378.3656256,0.866298496723175
1745022378.4137232,0.8857313990592957
1745022378.4630089,0.8795946836471558
1745022378.5133505,0.8826630711555481
1745022378.5619862,0.88470858335495
1745022378.6145337,0.8898225426673889
1745022378.6671484,0.8990275859832764
1745022378.7139082,0.8795946836471558
1745022378.7646868,0.8632301092147827
1745022378.8150318,0.8867541551589966
1745022378.864258,0.8918681144714355
1745022378.9141984,0.8816402554512024
1745022378.9673378,0.8867541551589966
1745022379.0187192,0.8969820141792297
1745022379.0667982,0.8826630711555481
1745022379.1152632,0.8785719275474548
1745022379.1645837,0.8775491118431091
1745022379.2126443,0.88470858335495
1745022379.262761,0.8867541551589966
1745022379.3115737,0.8755035400390625
1745022379.3652356,0.8908452987670898
1745022379.4131522,0.8642529249191284
1745022379.4655588,0.8928908705711365
1745022379.513785,0.8795946836471558
1745022379.5649965,0.8949364423751831
1745022379.6141489,0.8816402554512024
1745022379.6637537,0.8826630711555481
1745022379.7134933,0.8939136862754822
1745022379.7685802,0.8806174993515015
1745022379.8147604,0.8898225426673889
1745022379.8655043,0.8877769708633423
1745022379.91506,0.8724352121353149
1745022379.966442,0.8765263557434082
1745022380.0154235,0.8959592580795288
1745022380.065286,0.8857313990592957
1745022380.117504,0.8857313990592957
1745022380.1668806,0.8918681144714355
1745022380.2173917,0.8632301092147827
1745022380.2663639,0.8632301092147827
1745022380.3187306,0.8755035400390625
1745022380.3676302,0.855047881603241
1745022380.4171484,0.8928908705711365
1745022380.4669895,0.9000504016876221
1745022380.5190349,0.8755035400390625
1745022380.5701692,0.8857313990592957
1745022380.6184444,0.8755035400390625
1745022380.6669557,0.8949364423751831
1745022380.7164304,0.8887997269630432
1745022380.7659838,0.8775491118431091
1745022380.8180723,0.8816402554512024
1745022380.8671815,0.8755035400390625
1745022380.9166787,0.8806174993515015
1745022380.9661305,0.8785719275474548
1745022381.0195796,0.8898225426673889
1745022381.0684087,0.8806174993515015
1745022381.1174452,0.8816402554512024
1745022381.1668704,0.8898225426673889
1745022381.2193863,0.8877769708633423
1745022381.2692482,0.8755035400390625
1745022381.3178418,0.8949364423751831
1745022381.3691697,0.8939136862754822
1745022381.4176495,0.8939136862754822
1745022381.4660106,0.9153921604156494
1745022381.5149632,0.8887997269630432
1745022381.567544,0.88470858335495
1745022381.617116,0.8724352121353149
1745022381.6664436,0.9072098731994629
1745022381.715732,0.8642529249191284
1745022381.7691753,0.8980048298835754
1745022381.8187575,0.8765263557434082
1745022381.867374,0.8928908705711365
1745022381.91653,0.8877769708633423
1745022381.9689639,0.8887997269630432
1745022382.0182903,0.8622073531150818
1745022382.0677555,0.8744807839393616
1745022382.1173022,0.8806174993515015
1745022382.175231,0.8683440685272217
1745022382.2193987,0.8744807839393616
1745022382.2685602,0.8724352121353149
1745022382.3179655,0.8806174993515015
1745022382.3703399,0.8734579682350159
1745022382.4200628,0.8928908705711365
1745022382.4698212,0.88470858335495
1745022382.5183072,0.8775491118431091
1745022382.5714796,0.8795946836471558
1745022382.6204326,0.8703896403312683
1745022382.6700864,0.8714123964309692
1745022382.7189524,0.8918681144714355
1745022382.7681758,0.8959592580795288
1745022382.8212333,0.8622073531150818
1745022382.8698978,0.8857313990592957
1745022382.9224243,0.8765263557434082
1745022382.9693327,0.8877769708633423
1745022383.0188348,0.883685827255249
1745022383.0678642,0.8826630711555481
1745022383.1199782,0.8867541551589966
1745022383.1691892,0.8724352121353149
1745022383.2185075,0.8980048298835754
1745022383.26815,0.8959592580795288
1745022383.3217077,0.8918681144714355
1745022383.3705175,0.8775491118431091
1745022383.4197757,0.88470858335495
1745022383.4691749,0.9031187295913696
1745022383.5182724,0.8887997269630432
1745022383.5665352,0.8775491118431091
1745022383.6165195,0.8652756810188293
1745022383.6658683,0.8755035400390625
1745022383.7184775,0.8693668246269226
1745022383.769714,0.8724352121353149
1745022383.8184042,0.8714123964309692
1745022383.869747,0.8775491118431091
1745022383.918605,0.8652756810188293
1745022383.9687765,0.8775491118431091
1745022384.018123,0.8928908705711365
1745022384.0699508,0.8928908705711365
1745022384.1209764,0.9020959734916687
1745022384.1697948,0.8918681144714355
1745022384.2185366,0.8826630711555481
1745022384.2706172,0.8703896403312683
1745022384.3199897,0.8744807839393616
1745022384.3704007,0.8826630711555481
1745022384.4190125,0.8765263557434082
1745022384.4735107,0.8990275859832764
1745022384.522606,0.8703896403312683
1745022384.5704417,0.8703896403312683
1745022384.6195004,0.8744807839393616
1745022384.6721098,0.8816402554512024
1745022384.7215343,0.8928908705711365
1745022384.771475,0.8980048298835754
1745022384.8203316,0.8693668246269226
1745022384.8695652,0.8755035400390625
1745022384.9209394,0.8765263557434082
1745022384.969867,0.867321252822876
1745022385.0177188,0.8714123964309692
1745022385.0694003,0.8980048298835754
1745022385.1186929,0.8693668246269226
1745022385.1681168,0.8601617813110352
1745022385.2182214,0.867321252822876
1745022385.2702208,0.8867541551589966
1745022385.3201377,0.8724352121353149
1745022385.371028,0.8795946836471558
1745022385.419695,0.8744807839393616
1745022385.4710512,0.8632301092147827
1745022385.520242,0.8826630711555481
1745022385.5697799,0.8898225426673889
1745022385.6189327,0.8478883504867554
1745022385.6723459,0.8939136862754822
1745022385.7217743,0.8867541551589966
1745022385.770421,0.8785719275474548
1745022385.8197398,0.8744807839393616
1745022385.8683996,0.8826630711555481
1745022385.921302,0.8898225426673889
1745022385.9729419,0.8683440685272217
1745022386.0205362,0.901073157787323
1745022386.069195,0.8724352121353149
1745022386.1228704,0.8887997269630432
1745022386.1715152,0.8693668246269226
1745022386.221097,0.8703896403312683
1745022386.2707126,0.8744807839393616
1745022386.3226945,0.8765263557434082
1745022386.3720767,0.9031187295913696
1745022386.4220345,0.8765263557434082
1745022386.4713213,0.901073157787323
1745022386.5238097,0.8734579682350159
1745022386.5727582,0.8744807839393616
1745022386.622344,0.9000504016876221
1745022386.6712265,0.8918681144714355
1745022386.7241118,0.867321252822876
1745022386.773446,0.8826630711555481
1745022386.8228083,0.8959592580795288
1745022386.8730028,0.8867541551589966
1745022386.9248476,0.8816402554512024
1745022386.9797404,0.8877769708633423
1745022387.0231206,0.8785719275474548
1745022387.0722983,0.8724352121353149
1745022387.1215394,0.8887997269630432
1745022387.1708195,0.8744807839393616
1745022387.2208974,0.8714123964309692
1745022387.2697594,0.8775491118431091
1745022387.3231213,0.8734579682350159
1745022387.3714545,0.8969820141792297
1745022387.4222076,0.8918681144714355
1745022387.4702709,0.8918681144714355
1745022387.522898,0.8775491118431091
1745022387.5729136,0.8867541551589966
1745022387.622401,0.8877769708633423
1745022387.6735353,0.8908452987670898
1745022387.7239885,0.8816402554512024
1745022387.773227,0.8724352121353149
1745022387.8232527,0.8785719275474548
1745022387.8718462,0.8939136862754822
1745022387.9244072,0.866298496723175
1745022387.9737155,0.883685827255249
1745022388.0237782,0.8724352121353149
1745022388.073029,0.8775491118431091
1745022388.1251657,0.8652756810188293
1745022388.1754405,0.883685827255249
1745022388.2236633,0.8714123964309692
1745022388.2731862,0.8724352121353149
1745022388.325606,0.8601617813110352
1745022388.3748615,0.8969820141792297
1745022388.426571,0.8949364423751831
1745022388.4771369,0.8918681144714355
1745022388.5265417,0.8877769708633423
1745022388.5771546,0.8806174993515015
1745022388.6257195,0.8949364423751831
1745022388.6778228,0.8898225426673889
1745022388.7288425,0.8734579682350159
1745022388.777976,0.88470858335495
1745022388.8264034,0.8939136862754822
1745022388.8785558,0.8703896403312683
1745022388.928256,0.8744807839393616
1745022388.9777837,0.8928908705711365
1745022389.0268223,0.8806174993515015
1745022389.080061,0.8816402554512024
1745022389.12912,0.8744807839393616
1745022389.1800387,0.8898225426673889
1745022389.2279432,0.8816402554512024
1745022389.280566,0.8734579682350159
1745022389.3290896,0.8755035400390625
1745022389.3788416,0.8744807839393616
1745022389.4275475,0.8908452987670898
1745022389.4767199,0.8826630711555481
1745022389.5282576,0.8724352121353149
1745022389.57715,0.8785719275474548
1745022389.6282487,0.8806174993515015
1745022389.6778061,0.8867541551589966
1745022389.7269003,0.8826630711555481
1745022389.7762694,0.8785719275474548
1745022389.8287477,0.8918681144714355
1745022389.8867648,0.8949364423751831
1745022389.927985,0.8775491118431091
1745022389.9809322,0.8928908705711365
1745022390.0297222,0.8887997269630432
1745022390.0801635,0.8540250658988953
1745022390.1286597,0.8765263557434082
1745022390.1813166,0.8816402554512024
1745022390.2303276,0.88470858335495
1745022390.2809074,0.8918681144714355
1745022390.3302875,0.8898225426673889
1745022390.3816123,0.8795946836471558
1745022390.4309242,0.8744807839393616
1745022390.4806762,0.8887997269630432
1745022390.5302608,0.8877769708633423
1745022390.5828311,0.8785719275474548
1745022390.6325784,0.8785719275474548
1745022390.6820903,0.855047881603241
1745022390.730562,0.883685827255249
1745022390.7802348,0.8857313990592957
1745022390.8290827,0.8887997269630432
1745022390.881416,0.8755035400390625
1745022390.9306421,0.8785719275474548
1745022390.9808764,0.8826630711555481
1745022391.0294418,0.8795946836471558
1745022391.0870557,0.883685827255249
1745022391.1314783,0.8714123964309692
1745022391.1819305,0.8826630711555481
1745022391.2306929,0.883685827255249
1745022391.282811,0.8714123964309692
1745022391.3323996,0.8918681144714355
1745022391.3834076,0.8928908705711365
1745022391.433677,0.901073157787323
1745022391.4840086,0.8765263557434082
1745022391.5334158,0.88470858335495
1745022391.5861835,0.883685827255249
1745022391.6322932,0.8928908705711365
1745022391.6841204,0.8990275859832764
1745022391.7331858,0.8744807839393616
1745022391.783088,0.8765263557434082
1745022391.8315346,0.883685827255249
1745022391.8823278,0.8898225426673889
1745022391.9319217,0.8816402554512024
1745022391.9819434,0.866298496723175
1745022392.0325246,0.8816402554512024
1745022392.0818348,0.8755035400390625
1745022392.1314719,0.8765263557434082
1745022392.1816494,0.8785719275474548
1745022392.2338982,0.8734579682350159
1745022392.2826457,0.8755035400390625
1745022392.332259,0.8734579682350159
1745022392.3845286,0.8744807839393616
1745022392.43351,0.8857313990592957
1745022392.4832141,0.8775491118431091
1745022392.5327895,0.8744807839393616
1745022392.584103,0.8806174993515015
1745022392.6345258,0.8744807839393616
1745022392.6839316,0.8734579682350159
1745022392.7333317,0.8765263557434082
1745022392.7833889,0.8693668246269226
1745022392.8352244,0.8867541551589966
1745022392.884348,0.866298496723175
1745022392.93399,0.8724352121353149
1745022392.9830465,0.8908452987670898
1745022393.0357516,0.8928908705711365
1745022393.0851324,0.8785719275474548
1745022393.1342332,0.8775491118431091
1745022393.1833253,0.8806174993515015
1745022393.2335982,0.8887997269630432
1745022393.2855234,0.8826630711555481
1745022393.334832,0.8683440685272217
1745022393.385451,0.8734579682350159
1745022393.4401448,0.8785719275474548
1745022393.486101,0.8816402554512024
1745022393.535541,0.8652756810188293
1745022393.586765,0.8826630711555481
1745022393.6342432,0.8949364423751831
1745022393.6881888,0.88470858335495
1745022393.7373998,0.8918681144714355
1745022393.7872894,0.8795946836471558
1745022393.8368533,0.9061870574951172
1745022393.8876405,0.8703896403312683
1745022393.9370134,0.88470858335495
1745022393.9860048,0.8775491118431091
1745022394.035502,0.8744807839393616
1745022394.0843205,0.8806174993515015
1745022394.1336007,0.8714123964309692
1745022394.1850412,0.8611845970153809
1745022394.2335413,0.8703896403312683
1745022394.284998,0.883685827255249
1745022394.3341556,0.8816402554512024
1745022394.3841727,0.8755035400390625
1745022394.433202,0.8734579682350159
1745022394.4855003,0.8652756810188293
1745022394.5351062,0.8857313990592957
1745022394.5854425,0.8826630711555481
1745022394.6351686,0.8693668246269226
1745022394.6862402,0.88470858335495
1745022394.7356627,0.8949364423751831
1745022394.7857015,0.8765263557434082
1745022394.8342447,0.8795946836471558
1745022394.8894715,0.8744807839393616
1745022394.937456,0.8887997269630432
1745022394.9870746,0.8724352121353149
1745022395.0357974,0.8775491118431091
1745022395.0877652,0.883685827255249
1745022395.1370492,0.8744807839393616
1745022395.1867666,0.8724352121353149
1745022395.2357073,0.8887997269630432
1745022395.2894235,0.8734579682350159
1745022395.3382728,0.8744807839393616
1745022395.3877218,0.8826630711555481
1745022395.436133,0.867321252822876
1745022395.4856558,0.8867541551589966
1745022395.5360312,0.8949364423751831
1745022395.584143,0.8734579682350159
1745022395.633364,0.8969820141792297
1745022395.6858554,0.8775491118431091
1745022395.737822,0.8877769708633423
1745022395.7853081,0.8642529249191284
1745022395.8371882,0.883685827255249
1745022395.8866153,0.8959592580795288
1745022395.9365623,0.8785719275474548
1745022395.9858584,0.8775491118431091
1745022396.0386043,0.8826630711555481
1745022396.0876331,0.8816402554512024
1745022396.1372693,0.883685827255249
1745022396.1858766,0.8857313990592957
1745022396.2351513,0.8887997269630432
1745022396.284205,0.8642529249191284
1745022396.3332136,0.8714123964309692
1745022396.3829856,0.8816402554512024
1745022396.4352033,0.88470858335495
1745022396.4846375,0.8765263557434082
1745022396.534443,0.8857313990592957
1745022396.5834942,0.8734579682350159
1745022396.636419,0.8795946836471558
1745022396.6879241,0.8816402554512024
1745022396.7353437,0.8887997269630432
1745022396.7841198,0.8887997269630432
1745022396.8367116,0.8867541551589966
1745022396.8885903,0.8611845970153809
1745022396.9361062,0.8826630711555481
1745022396.9871264,0.8918681144714355
1745022397.0375218,0.8775491118431091
1745022397.0871325,0.8918681144714355
1745022397.1373808,0.8908452987670898
1745022397.185944,0.8816402554512024
1745022397.2380576,0.8652756810188293
1745022397.2893085,0.8683440685272217
1745022397.3379242,0.8887997269630432
1745022397.386988,0.8785719275474548
1745022397.438699,0.8611845970153809
1745022397.488371,0.8949364423751831
1745022397.5382364,0.883685827255249
1745022397.586584,0.8775491118431091
1745022397.6360493,0.8898225426673889
1745022397.685079,0.8826630711555481
1745022397.7343016,0.8642529249191284
1745022397.7868798,0.8918681144714355
1745022397.8361843,0.8877769708633423
1745022397.885462,0.8775491118431091
1745022397.9354954,0.8939136862754822
1745022397.9877818,0.88470858335495
1745022398.0368462,0.8949364423751831
1745022398.0863452,0.8795946836471558
1745022398.1376178,0.8683440685272217
1745022398.1883264,0.9051643013954163
1745022398.2377152,0.883685827255249
1745022398.2867355,0.855047881603241
1745022398.3369489,0.8611845970153809
1745022398.3856995,0.8724352121353149
1745022398.4344964,0.8867541551589966
1745022398.483999,0.8898225426673889
1745022398.5331092,0.8918681144714355
1745022398.5864751,0.8775491118431091
1745022398.635257,0.849933922290802
1745022398.6884878,0.8908452987670898
1745022398.7382154,0.883685827255249
1745022398.7861357,0.883685827255249
1745022398.8363883,0.8908452987670898
1745022398.8850496,0.8755035400390625
1745022398.9385428,0.8622073531150818
1745022398.988378,0.8693668246269226
1745022399.0369215,0.8939136862754822
1745022399.086327,0.88470858335495
1745022399.1384811,0.883685827255249
1745022399.187605,0.8806174993515015
1745022399.2383626,0.8734579682350159
1745022399.2863288,0.8887997269630432
1745022399.3393624,0.866298496723175
1745022399.3886597,0.8969820141792297
1745022399.4401677,0.8877769708633423
1745022399.4880621,0.8755035400390625
1745022399.5398686,0.8857313990592957
1745022399.5891066,0.8908452987670898
1745022399.6387885,0.8683440685272217
1745022399.692644,0.88470858335495
1745022399.7377908,0.8765263557434082
1745022399.7904096,0.8826630711555481
1745022399.8363144,0.8918681144714355
1745022399.8849695,0.8857313990592957
1745022399.9371753,0.8877769708633423
1745022399.9864085,0.8990275859832764
1745022400.03733,0.8928908705711365
1745022400.0856977,0.867321252822876
1745022400.1383696,0.8877769708633423
1745022400.1903012,0.8734579682350159
1745022400.2370236,0.8887997269630432
1745022400.2863665,0.8887997269630432
1745022400.3384643,0.8816402554512024
1745022400.3876436,0.8877769708633423
1745022400.438184,0.8908452987670898
1745022400.4873087,0.88470858335495
1745022400.5470006,0.8714123964309692
1745022400.588695,0.8755035400390625
1745022400.6383514,0.8857313990592957
1745022400.687841,0.8765263557434082
1745022400.7398963,0.8816402554512024
1745022400.7891288,0.8857313990592957
1745022400.8412323,0.8755035400390625
1745022400.889038,0.8816402554512024
1745022400.940878,0.8703896403312683
1745022400.989833,0.8744807839393616
1745022401.0399864,0.8980048298835754
1745022401.0887718,0.8785719275474548
1745022401.1413188,0.8724352121353149
1745022401.191741,0.8877769708633423
1745022401.241041,0.8765263557434082
1745022401.2902014,0.8969820141792297
1745022401.3426158,0.8867541551589966
1745022401.3911893,0.883685827255249
1745022401.4409368,0.8877769708633423
1745022401.490732,0.8795946836471558
1745022401.5427992,0.8703896403312683
1745022401.5929592,0.8724352121353149
1745022401.6423535,0.8714123964309692
1745022401.6906605,0.8795946836471558
1745022401.7434156,0.8755035400390625
1745022401.7927167,0.8877769708633423
1745022401.8427372,0.8785719275474548
1745022401.8912241,0.8632301092147827
1745022401.9458826,0.8980048298835754
1745022401.9939165,0.8693668246269226
1745022402.0428681,0.8980048298835754
1745022402.0918198,0.8826630711555481
1745022402.141179,0.8714123964309692
1745022402.1904888,0.867321252822876
1745022402.2393894,0.88470858335495
1745022402.2922292,0.8949364423751831
1745022402.3421118,0.8959592580795288
1745022402.392441,0.8867541551589966
1745022402.442145,0.8877769708633423
1745022402.492818,0.8755035400390625
1745022402.5422523,0.883685827255249
1745022402.5915358,0.8755035400390625
1745022402.6407518,0.8898225426673889
1745022402.693956,0.8795946836471558
1745022402.744023,0.8806174993515015
1745022402.7940967,0.8990275859832764
1745022402.842551,0.883685827255249
1745022402.8944843,0.8775491118431091
1745022402.944519,0.8826630711555481
1745022402.9938548,0.8908452987670898
1745022403.042907,0.88470858335495
1745022403.094932,0.8908452987670898
1745022403.1454556,0.8775491118431091
1745022403.1945035,0.8744807839393616
1745022403.243633,0.8765263557434082
1745022403.292094,0.8785719275474548
1745022403.344975,0.8969820141792297
1745022403.3939724,0.8826630711555481
1745022403.443859,0.8642529249191284
1745022403.4926872,0.8755035400390625
1745022403.54652,0.8622073531150818
1745022403.5952835,0.8857313990592957
1745022403.6450465,0.8898225426673889
1745022403.693698,0.8816402554512024
1745022403.746264,0.8928908705711365
1745022403.7955887,0.8857313990592957
1745022403.8449056,0.8816402554512024
1745022403.895005,0.8908452987670898
1745022403.9476295,0.8724352121353149
1745022403.9965687,0.8611845970153809
1745022404.046674,0.8857313990592957
1745022404.0947635,0.8857313990592957
1745022404.1476774,0.8785719275474548
1745022404.1968498,0.8918681144714355
1745022404.2539704,0.8990275859832764
1745022404.2977705,0.8683440685272217
1745022404.346682,0.8857313990592957
1745022404.394487,0.8744807839393616
1745022404.4431982,0.8744807839393616
1745022404.4959285,0.8857313990592957
1745022404.54546,0.8775491118431091
1745022404.5948253,0.8785719275474548
1745022404.648037,0.88470858335495
1745022404.6972039,0.8918681144714355
1745022404.7467928,0.8826630711555481
1745022404.7992368,0.866298496723175
1745022404.84804,0.8683440685272217
1745022404.8971798,0.8969820141792297
1745022404.94772,0.8775491118431091
1745022404.9960034,0.8795946836471558
1745022405.0499334,0.8826630711555481
1745022405.098507,0.8693668246269226
1745022405.1485474,0.8795946836471558
1745022405.1969376,0.8826630711555481
1745022405.2493799,0.8877769708633423
1745022405.2986536,0.8918681144714355
1745022405.348168,0.8734579682350159
1745022405.397262,0.8765263557434082
1745022405.4512405,0.8744807839393616
1745022405.4993951,0.8806174993515015
1745022405.5497494,0.8959592580795288
1745022405.5985847,0.8928908705711365
1745022405.6480596,0.8755035400390625
1745022405.696417,0.8611845970153809
1745022405.7491136,0.8795946836471558
1745022405.7997081,0.8867541551589966
1745022405.8485813,0.8918681144714355
1745022405.901163,0.8795946836471558
1745022405.949825,0.8765263557434082
1745022405.9995754,0.8642529249191284
1745022406.0491107,0.8908452987670898
1745022406.0982099,0.883685827255249
1745022406.1512103,0.8969820141792297
1745022406.2021253,0.867321252822876
1745022406.25105,0.8785719275474548
1745022406.3019419,0.8816402554512024
1745022406.351186,0.88470858335495
1745022406.4012148,0.8734579682350159
1745022406.4504306,0.8744807839393616
1745022406.4996448,0.88470858335495
1745022406.548423,0.8591390252113342
1745022406.598103,0.8887997269630432
1745022406.6512733,0.8928908705711365
1745022406.7002094,0.8683440685272217
1745022406.7496705,0.8765263557434082
1745022406.7985291,0.8939136862754822
1745022406.8508825,0.8652756810188293
1745022406.900514,0.883685827255249
1745022406.954457,0.8857313990592957
1745022407.0080974,0.8775491118431091
1745022407.0518389,0.8918681144714355
1745022407.1011298,0.8816402554512024
1745022407.150481,0.8734579682350159
1745022407.204551,0.8826630711555481
1745022407.2522979,0.8867541551589966
1745022407.302008,0.8898225426673889
1745022407.351291,0.8898225426673889
1745022407.405189,0.8724352121353149
1745022407.453035,0.8918681144714355
1745022407.5033104,0.8785719275474548
1745022407.552511,0.8765263557434082
1745022407.604428,0.8785719275474548
1745022407.6537707,0.8744807839393616
1745022407.7046263,0.8785719275474548
1745022407.7536051,0.8806174993515015
1745022407.805774,0.8918681144714355
1745022407.8542368,0.8652756810188293
1745022407.9034286,0.8857313990592957
1745022407.952648,0.8775491118431091
1745022408.0017579,0.8693668246269226
1745022408.0512042,0.883685827255249
1745022408.1008372,0.8755035400390625
1745022408.1502643,0.8877769708633423
1745022408.2032766,0.8714123964309692
1745022408.2529829,0.8795946836471558
1745022408.3015282,0.8601617813110352
1745022408.3540123,0.8939136862754822
1745022408.403261,0.8918681144714355
1745022408.4529173,0.8744807839393616
1745022408.5033104,0.8877769708633423
1745022408.5553715,0.8816402554512024
1745022408.604309,0.8734579682350159
1745022408.6530192,0.867321252822876
1745022408.7030628,0.8785719275474548
1745022408.7511513,0.8734579682350159
1745022408.8005364,0.8887997269630432
1745022408.8501093,0.8887997269630432
1745022408.8996835,0.8714123964309692
1745022408.9529018,0.88470858335495
1745022409.0033374,0.8622073531150818
1745022409.0512912,0.8765263557434082
1745022409.100352,0.8918681144714355
1745022409.1526942,0.8867541551589966
1745022409.2021177,0.8857313990592957
1745022409.252234,0.8775491118431091
1745022409.3014708,0.883685827255249
1745022409.354789,0.8795946836471558
1745022409.4033318,0.8714123964309692
1745022409.4536324,0.8928908705711365
1745022409.5022845,0.8877769708633423
1745022409.5540593,0.8744807839393616
1745022409.6033723,0.8765263557434082
1745022409.652821,0.8703896403312683
1745022409.7020874,0.8765263557434082
1745022409.7553158,0.8857313990592957
1745022409.8041255,0.8775491118431091
1745022409.8537507,0.8806174993515015
1745022409.90329,0.88470858335495
1745022409.9554543,0.8795946836471558
1745022410.0046716,0.883685827255249
1745022410.05834,0.8918681144714355
1745022410.1061003,0.8867541551589966
1745022410.1533008,0.8622073531150818
1745022410.2026062,0.8775491118431091
1745022410.2519276,0.8714123964309692
1745022410.3035507,0.867321252822876
1745022410.35279,0.8714123964309692
1745022410.4024055,0.8857313990592957
1745022410.4516573,0.8867541551589966
1745022410.5054307,0.8795946836471558
1745022410.5550056,0.8898225426673889
1745022410.6032758,0.8714123964309692
1745022410.6559036,0.8939136862754822
1745022410.7051122,0.8949364423751831
1745022410.7543318,0.8816402554512024
1745022410.803437,0.8939136862754822
1745022410.852679,0.8785719275474548
1745022410.9021883,0.8867541551589966
1745022410.9519138,0.8887997269630432
1745022411.0020304,0.8724352121353149
1745022411.0533342,0.8877769708633423
1745022411.10265,0.8755035400390625
1745022411.152817,0.8867541551589966
1745022411.201305,0.8928908705711365
1745022411.253952,0.9000504016876221
1745022411.3048804,0.8806174993515015
1745022411.353524,0.8877769708633423
1745022411.4031944,0.8765263557434082
1745022411.4545052,0.8591390252113342
1745022411.5047934,0.8785719275474548
1745022411.553204,0.8570934534072876
1745022411.6037283,0.8877769708633423
1745022411.655266,0.9000504016876221
1745022411.7052917,0.9041415452957153
1745022411.755198,0.8867541551589966
1745022411.803627,0.8755035400390625
1745022411.85598,0.8898225426673889
1745022411.905813,0.8857313990592957
1745022411.9550977,0.883685827255249
1745022412.0100925,0.8755035400390625
1745022412.0569901,0.8734579682350159
1745022412.1073406,0.8918681144714355
1745022412.155713,0.867321252822876
1745022412.2051308,0.8990275859832764
1745022412.256626,0.8928908705711365
1745022412.3031194,0.8785719275474548
1745022412.3523214,0.8887997269630432
1745022412.40462,0.9072098731994629
1745022412.454117,0.88470858335495
1745022412.5046215,0.866298496723175
1745022412.5538967,0.8714123964309692
1745022412.6058009,0.8642529249191284
1745022412.6549578,0.8693668246269226
1745022412.7042873,0.8744807839393616
1745022412.7541747,0.867321252822876
1745022412.8062947,0.8601617813110352
1745022412.8560734,0.8877769708633423
1745022412.9060838,0.8887997269630432
1745022412.9553425,0.8734579682350159
1745022413.0068772,0.88470858335495
1745022413.0562031,0.8795946836471558
1745022413.1054306,0.8693668246269226
1745022413.155339,0.8959592580795288
1745022413.2089689,0.8816402554512024
1745022413.257589,0.8877769708633423
1745022413.306622,0.9082326292991638
1745022413.3570216,0.8775491118431091
1745022413.4081614,0.8785719275474548
1745022413.4577684,0.8826630711555481
1745022413.507265,0.8775491118431091
1745022413.5566175,0.8908452987670898
1745022413.6116066,0.88470858335495
1745022413.6587412,0.8744807839393616
1745022413.7099662,0.9041415452957153
1745022413.7612095,0.8714123964309692
1745022413.809586,0.8898225426673889
1745022413.8590171,0.8795946836471558
1745022413.908653,0.8744807839393616
1745022413.9579928,0.8755035400390625
1745022414.0105524,0.8877769708633423
1745022414.0607271,0.8755035400390625
1745022414.109729,0.8714123964309692
1745022414.1581578,0.8939136862754822
1745022414.211235,0.8816402554512024
1745022414.260642,0.8806174993515015
1745022414.3100412,0.8744807839393616
1745022414.3607585,0.8990275859832764
1745022414.4116523,0.8857313990592957
1745022414.461626,0.8898225426673889
1745022414.5106514,0.8734579682350159
1745022414.559067,0.8775491118431091
1745022414.6084282,0.8887997269630432
1745022414.6575415,0.8877769708633423
1745022414.7078333,0.88470858335495
1745022414.7569864,0.8785719275474548
1745022414.8103452,0.8928908705711365
1745022414.8594532,0.8877769708633423
1745022414.9095154,0.8816402554512024
1745022414.9577944,0.866298496723175
1745022415.009825,0.8765263557434082
1745022415.059176,0.8877769708633423
1745022415.112343,0.8816402554512024
1745022415.1579936,0.8867541551589966
1745022415.2114618,0.8877769708633423
1745022415.2601008,0.9020959734916687
1745022415.3097641,0.8990275859832764
1745022415.3585925,0.8724352121353149
1745022415.411807,0.88470858335495
1745022415.4603338,0.8928908705711365
1745022415.5099487,0.8693668246269226
1745022415.560184,0.8990275859832764
1745022415.6128087,0.8877769708633423
1745022415.661107,0.8816402554512024
1745022415.711343,0.8652756810188293
1745022415.7604864,0.8990275859832764
1745022415.8094409,0.8693668246269226
1745022415.8619924,0.8867541551589966
1745022415.9120793,0.8898225426673889
1745022415.9620907,0.8765263557434082
1745022416.0104723,0.8775491118431091
1745022416.0622551,0.8755035400390625
1745022416.1118538,0.8857313990592957
1745022416.1613567,0.8816402554512024
1745022416.2108207,0.8724352121353149
1745022416.263121,0.8611845970153809
1745022416.3132405,0.8826630711555481
1745022416.3623834,0.8816402554512024
1745022416.4127362,0.8918681144714355
1745022416.4673946,0.88470858335495
1745022416.5135846,0.8622073531150818
1745022416.5630226,0.8775491118431091
1745022416.6119723,0.883685827255249
1745022416.6658719,0.8816402554512024
1745022416.7142673,0.8908452987670898
1745022416.7639887,0.8714123964309692
1745022416.8126016,0.8867541551589966
1745022416.86124,0.8867541551589966
1745022416.9106503,0.883685827255249
1745022416.959623,0.8867541551589966
1745022417.0091622,0.8816402554512024
1745022417.061721,0.8744807839393616
1745022417.1138887,0.8714123964309692
1745022417.1619637,0.8816402554512024
1745022417.2111483,0.8898225426673889
1745022417.2687356,0.8734579682350159
1745022417.3150563,0.8693668246269226
1745022417.3616605,0.8990275859832764
1745022417.4111629,0.8785719275474548
1745022417.4641895,0.8744807839393616
1745022417.5145326,0.8744807839393616
1745022417.5629811,0.8908452987670898
1745022417.612049,0.8734579682350159
1745022417.663922,0.867321252822876
1745022417.7141109,0.8887997269630432
1745022417.7624278,0.8928908705711365
1745022417.815725,0.8795946836471558
1745022417.8654242,0.8898225426673889
1745022417.9153545,0.8468655943870544
1745022417.9637578,0.8816402554512024
1745022418.0169845,0.8795946836471558
1745022418.0652485,0.8622073531150818
1745022418.115117,0.8939136862754822
1745022418.1637404,0.8816402554512024
1745022418.2135727,0.8969820141792297
1745022418.2663705,0.8693668246269226
1745022418.3157394,0.8816402554512024
1745022418.3656476,0.8744807839393616
1745022418.4177916,0.8877769708633423
1745022418.4683812,0.8765263557434082
1745022418.5169585,0.8826630711555481
1745022418.565619,0.8816402554512024
1745022418.6184628,0.8693668246269226
1745022418.6676586,0.8734579682350159
1745022418.716866,0.8755035400390625
1745022418.7665358,0.8898225426673889
1745022418.8187568,0.8591390252113342
1745022418.8688395,0.867321252822876
1745022418.9174922,0.8775491118431091
1745022418.9687018,0.8775491118431091
1745022419.0199406,0.8795946836471558
1745022419.068896,0.8755035400390625
1745022419.117801,0.883685827255249
1745022419.1676738,0.8949364423751831
1745022419.2162094,0.8785719275474548
1745022419.2666774,0.883685827255249
1745022419.315694,0.8724352121353149
1745022419.3681176,0.8887997269630432
1745022419.4176238,0.8734579682350159
1745022419.4718516,0.88470858335495
1745022419.5191813,0.8867541551589966
1745022419.5686731,0.8908452987670898
1745022419.6181197,0.8826630711555481
1745022419.667208,0.8918681144714355
1745022419.7219162,0.8642529249191284
1745022419.7702532,0.88470858335495
1745022419.819613,0.8949364423751831
1745022419.8684664,0.8959592580795288
1745022419.9204473,0.8898225426673889
1745022419.9698076,0.8939136862754822
1745022420.0205114,0.8949364423751831
1745022420.0687075,0.88470858335495
1745022420.122741,0.8775491118431091
1745022420.1719031,0.8898225426673889
1745022420.2206945,0.8918681144714355
1745022420.2691176,0.8826630711555481
1745022420.3223512,0.8683440685272217
1745022420.3711534,0.8867541551589966
1745022420.4215593,0.8795946836471558
1745022420.4702327,0.8816402554512024
1745022420.520462,0.8908452987670898
1745022420.5691264,0.8734579682350159
1745022420.6187096,0.8918681144714355
1745022420.6701689,0.8867541551589966
1745022420.7213938,0.8795946836471558
1745022420.7689877,0.8939136862754822
1745022420.8216324,0.8806174993515015
1745022420.8716538,0.8969820141792297
1745022420.9226336,0.8816402554512024
1745022420.9708574,0.8693668246269226
1745022421.0222678,0.8857313990592957
1745022421.0715642,0.8877769708633423
1745022421.12192,0.8775491118431091
1745022421.1717408,0.8765263557434082
1745022421.2199256,0.8591390252113342
1745022421.2692237,0.8765263557434082
1745022421.3180857,0.8744807839393616
1745022421.3685563,0.8785719275474548
1745022421.4202845,0.9000504016876221
1745022421.46918,0.866298496723175
1745022421.518526,0.8887997269630432
1745022421.5678458,0.8795946836471558
1745022421.6203432,0.8959592580795288
1745022421.6696093,0.8877769708633423
1745022421.7204275,0.8703896403312683
1745022421.7693715,0.8765263557434082
1745022421.8214087,0.8949364423751831
1745022421.8707438,0.8693668246269226
1745022421.9204457,0.8755035400390625
1745022421.9726312,0.8826630711555481
1745022422.0218663,0.8765263557434082
1745022422.0738242,0.8867541551589966
1745022422.1218312,0.8826630711555481
1745022422.1730993,0.8806174993515015
1745022422.222352,0.8755035400390625
1745022422.2720876,0.8887997269630432
1745022422.3219972,0.8642529249191284
1745022422.3738046,0.88470858335495
1745022422.42437,0.8765263557434082
1745022422.4733896,0.8887997269630432
1745022422.5231104,0.8806174993515015
1745022422.574672,0.8816402554512024
1745022422.6237576,0.8775491118431091
1745022422.6732957,0.8775491118431091
1745022422.722163,0.8755035400390625
1745022422.7712483,0.8642529249191284
1745022422.82089,0.8775491118431091
1745022422.8700323,0.8755035400390625
1745022422.921427,0.8785719275474548
1745022422.9734638,0.8734579682350159
1745022423.0215113,0.8683440685272217
1745022423.0712838,0.8795946836471558
1745022423.1238894,0.8980048298835754
1745022423.1748254,0.883685827255249
1745022423.2243943,0.8785719275474548
1745022423.272123,0.8775491118431091
1745022423.3224962,0.8898225426673889
1745022423.371108,0.8939136862754822
1745022423.4192631,0.8785719275474548
1745022423.471475,0.8857313990592957
1745022423.5210588,0.8703896403312683
1745022423.5704715,0.8795946836471558
1745022423.619753,0.8867541551589966
1745022423.6818793,0.8795946836471558
1745022423.723034,0.8795946836471558
1745022423.7721672,0.8795946836471558
1745022423.8207405,0.8826630711555481
1745022423.873093,0.8775491118431091
1745022423.9226532,0.8744807839393616
1745022423.9720824,0.8642529249191284
1745022424.021148,0.8693668246269226
1745022424.0742242,0.8795946836471558
1745022424.123645,0.88470858335495
1745022424.1741486,0.88470858335495
1745022424.2252035,0.8714123964309692
1745022424.2749476,0.8611845970153809
1745022424.3248012,0.8785719275474548
1745022424.3745546,0.8785719275474548
1745022424.4270463,0.8939136862754822
1745022424.4762428,0.8877769708633423
1745022424.5251184,0.8693668246269226
1745022424.573746,0.8990275859832764
1745022424.6269813,0.8867541551589966
1745022424.6762457,0.8714123964309692
1745022424.7252266,0.8755035400390625
1745022424.776718,0.8714123964309692
1745022424.8257265,0.8857313990592957
1745022424.8737378,0.8744807839393616
1745022424.922938,0.8959592580795288
1745022424.9747472,0.8867541551589966
1745022425.0249722,0.8918681144714355
1745022425.0739815,0.866298496723175
1745022425.1235623,0.8826630711555481
1745022425.1755495,0.8826630711555481
1745022425.2253895,0.8857313990592957
1745022425.2753274,0.8744807839393616
1745022425.326912,0.8826630711555481
1745022425.3762145,0.88470858335495
1745022425.4260101,0.8887997269630432
1745022425.4790301,0.8632301092147827
1745022425.5281382,0.8755035400390625
1745022425.5780146,0.8949364423751831
1745022425.6273544,0.8734579682350159
1745022425.6767423,0.8775491118431091
1745022425.7285726,0.88470858335495
1745022425.7775326,0.8622073531150818
1745022425.8279548,0.8632301092147827
1745022425.8768911,0.8755035400390625
1745022425.925607,0.8765263557434082
1745022425.9791095,0.8877769708633423
1745022426.0290256,0.8867541551589966
1745022426.077793,0.8939136862754822
1745022426.1262684,0.8806174993515015
1745022426.179511,0.8744807839393616
1745022426.229662,0.8826630711555481
1745022426.2797031,0.8765263557434082
1745022426.3286848,0.8816402554512024
1745022426.3802955,0.88470858335495
1745022426.4306123,0.8683440685272217
1745022426.4787872,0.8744807839393616
1745022426.5311122,0.8877769708633423
1745022426.5812385,0.8826630711555481
1745022426.6302466,0.8959592580795288
1745022426.679676,0.88470858335495
1745022426.73191,0.8867541551589966
1745022426.781891,0.8918681144714355
1745022426.8315601,0.8816402554512024
1745022426.8815377,0.8816402554512024
1745022426.932421,0.8877769708633423
1745022426.9829493,0.883685827255249
1745022427.0323865,0.8980048298835754
1745022427.0825217,0.8775491118431091
1745022427.1309307,0.8755035400390625
1745022427.1788359,0.8806174993515015
1745022427.2288854,0.8714123964309692
1745022427.2812757,0.8734579682350159
1745022427.330229,0.8887997269630432
1745022427.379468,0.8826630711555481
1745022427.42908,0.8693668246269226
1745022427.482072,0.867321252822876
1745022427.531004,0.88470858335495
1745022427.58151,0.8816402554512024
1745022427.63036,0.8887997269630432
1745022427.6830955,0.883685827255249
1745022427.7313895,0.8714123964309692
1745022427.781499,0.8806174993515015
1745022427.8317504,0.8928908705711365
1745022427.8833742,0.8632301092147827
1745022427.9327447,0.8693668246269226
1745022427.9826574,0.8785719275474548
1745022428.034667,0.8755035400390625
1745022428.0836873,0.8755035400390625
1745022428.1328373,0.8806174993515015
1745022428.18314,0.8898225426673889
1745022428.2325625,0.8908452987670898
1745022428.2859287,0.8928908705711365
1745022428.3332882,0.883685827255249
1745022428.3830197,0.8714123964309692
1745022428.4329195,0.8714123964309692
1745022428.4847524,0.9000504016876221
1745022428.5343142,0.8877769708633423
1745022428.5834608,0.8693668246269226
1745022428.6344876,0.8816402554512024
1745022428.6855798,0.8632301092147827
1745022428.735106,0.883685827255249
1745022428.7849877,0.8898225426673889
1745022428.8343034,0.8877769708633423
1745022428.8863127,0.8785719275474548
1745022428.9362223,0.8928908705711365
1745022428.9867108,0.8795946836471558
1745022429.0376675,0.8755035400390625
1745022429.0870762,0.901073157787323
1745022429.1375387,0.8887997269630432
1745022429.1866949,0.8724352121353149
1745022429.2398796,0.8714123964309692
1745022429.289259,0.8744807839393616
1745022429.337835,0.8744807839393616
1745022429.3874624,0.8887997269630432
1745022429.4364412,0.8765263557434082
1745022429.4860144,0.8652756810188293
1745022429.5342236,0.8826630711555481
1745022429.5865517,0.8734579682350159
1745022429.63634,0.8683440685272217
1745022429.6861136,0.9082326292991638
1745022429.7365973,0.866298496723175
1745022429.78771,0.8693668246269226
1745022429.8366168,0.8775491118431091
1745022429.886676,0.8918681144714355
1745022429.9355838,0.8887997269630432
1745022429.9879296,0.8703896403312683
1745022430.0375762,0.8898225426673889
1745022430.0961103,0.8980048298835754
1745022430.1374493,0.8806174993515015
1745022430.1892133,0.8816402554512024
1745022430.237897,0.866298496723175
1745022430.2884526,0.8908452987670898
1745022430.336884,0.8765263557434082
1745022430.38956,0.8826630711555481
1745022430.4401374,0.8877769708633423
1745022430.4895036,0.88470858335495
1745022430.5387957,0.8775491118431091
1745022430.590427,0.8642529249191284
1745022430.6399634,0.8928908705711365
1745022430.6894407,0.883685827255249
1745022430.737805,0.8806174993515015
1745022430.7873461,0.867321252822876
1745022430.8404212,0.8795946836471558
1745022430.890437,0.8806174993515015
1745022430.9395318,0.8632301092147827
1745022430.9916306,0.8755035400390625
1745022431.0407538,0.8806174993515015
1745022431.0905735,0.8683440685272217
1745022431.1392066,0.8703896403312683
1745022431.193648,0.8622073531150818
1745022431.242343,0.8755035400390625
1745022431.2919486,0.8806174993515015
1745022431.3401191,0.8703896403312683
1745022431.392988,0.8734579682350159
1745022431.4424353,0.88470858335495
1745022431.49223,0.8806174993515015
1745022431.541823,0.8928908705711365
1745022431.5984666,0.8724352121353149
1745022431.6430428,0.8642529249191284
1745022431.6927235,0.8816402554512024
1745022431.7412581,0.88470858335495
1745022431.7908163,0.8795946836471558
1745022431.839826,0.8867541551589966
1745022431.889449,0.8765263557434082
1745022431.9383376,0.8724352121353149
1745022431.991665,0.8867541551589966
1745022432.0417752,0.8744807839393616
1745022432.0907764,0.8887997269630432
1745022432.14244,0.9061870574951172
1745022432.1923654,0.901073157787323
1745022432.2418625,0.8734579682350159
1745022432.2907972,0.9061870574951172
1745022432.3431354,0.8857313990592957
1745022432.394505,0.8806174993515015
1745022432.4431782,0.8867541551589966
1745022432.4919558,0.8877769708633423
1745022432.5438523,0.8867541551589966
1745022432.594041,0.8939136862754822
1745022432.6432786,0.883685827255249
1745022432.6965425,0.8887997269630432
1745022432.7453554,0.8755035400390625
1745022432.7946963,0.8959592580795288
1745022432.8448915,0.8949364423751831
1745022432.895959,0.8816402554512024
1745022432.9516907,0.8755035400390625
1745022432.9952726,0.8857313990592957
1745022433.044486,0.866298496723175
1745022433.0940068,0.8519794940948486
1745022433.1424396,0.8928908705711365
1745022433.1927679,0.883685827255249
1745022433.2430646,0.8765263557434082
1745022433.2939112,0.8581162095069885
1745022433.343436,0.8714123964309692
1745022433.3930602,0.8806174993515015
1745022433.444909,0.8898225426673889
1745022433.4943984,0.8826630711555481
1745022433.544833,0.883685827255249
1745022433.5950506,0.8693668246269226
1745022433.6456416,0.8908452987670898
1745022433.6950183,0.9051643013954163
1745022433.74517,0.867321252822876
1745022433.794317,0.8969820141792297
1745022433.8462715,0.8744807839393616
1745022433.8954754,0.9153921604156494
1745022433.9477882,0.8857313990592957
1745022433.9946394,0.8826630711555481
1745022434.0473413,0.88470858335495
1745022434.0929916,0.8990275859832764
1745022434.14556,0.8744807839393616
1745022434.1953473,0.8969820141792297
1745022434.2440548,0.8877769708633423
1745022434.2934296,0.9000504016876221
1745022434.3467028,0.8734579682350159
1745022434.3969357,0.8959592580795288
1745022434.445256,0.8969820141792297
1745022434.4954488,0.9133465886116028
1745022434.5466328,0.8765263557434082
1745022434.5968983,0.8755035400390625
1745022434.6452966,0.867321252822876
1745022434.6967611,0.8857313990592957
1745022434.747577,0.8857313990592957
1745022434.7968478,0.8765263557434082
1745022434.8469524,0.8724352121353149
1745022434.8953788,0.8703896403312683
1745022434.9479682,0.8744807839393616
1745022434.9973333,0.8806174993515015
1745022435.0475512,0.88470858335495
1745022435.096897,0.9020959734916687
1745022435.1487317,0.883685827255249
1745022435.1980066,0.8806174993515015
1745022435.2486465,0.8959592580795288
1745022435.2961302,0.8959592580795288
1745022435.3453777,0.8765263557434082
1745022435.394734,0.9061870574951172
1745022435.44516,0.8703896403312683
1745022435.4931931,0.8887997269630432
1745022435.5463724,0.88470858335495
1745022435.5963004,0.883685827255249
1745022435.6451929,0.8632301092147827
1745022435.69776,0.8642529249191284
1745022435.75491,0.8734579682350159
1745022435.7966096,0.8714123964309692
1745022435.8505232,0.8816402554512024
1745022435.89851,0.8887997269630432
1745022435.9475293,0.8601617813110352
1745022435.9999595,0.8755035400390625
1745022436.046278,0.8857313990592957
1745022436.0949643,0.8755035400390625
1745022436.1453404,0.8928908705711365
1745022436.195514,0.8611845970153809
1745022436.2464733,0.8887997269630432
1745022436.297189,0.8795946836471558
1745022436.3470273,0.8795946836471558
1745022436.3959053,0.8918681144714355
1745022436.447451,0.8693668246269226
1745022436.4969885,0.88470858335495
1745022436.5465088,0.8806174993515015
1745022436.5955498,0.8826630711555481
1745022436.6487486,0.8887997269630432
1745022436.6981359,0.8785719275474548
1745022436.746737,0.8959592580795288
1745022436.799381,0.88470858335495
1745022436.848644,0.8632301092147827
1745022436.8982253,0.8887997269630432
1745022436.947834,0.8775491118431091
1745022437.001161,0.8795946836471558
1745022437.0502086,0.8530023097991943
1745022437.1011608,0.867321252822876
1745022437.1488686,0.8990275859832764
1745022437.2016885,0.8765263557434082
1745022437.2501965,0.8693668246269226
1745022437.2997031,0.8795946836471558
1745022437.3489199,0.8622073531150818
1745022437.3975036,0.8887997269630432
1745022437.4484222,0.9205060601234436
1745022437.4974623,0.8755035400390625
1745022437.546054,0.8877769708633423
1745022437.5999026,0.8775491118431091
1745022437.648474,0.8898225426673889
1745022437.6975589,0.8744807839393616
1745022437.7468045,0.867321252822876
1745022437.7999759,0.88470858335495
1745022437.849152,0.8775491118431091
1745022437.9017618,0.8928908705711365
1745022437.950665,0.8959592580795288
1745022438.0004506,0.8755035400390625
1745022438.0495644,0.8775491118431091
1745022438.101758,0.8806174993515015
1745022438.1517153,0.8744807839393616
1745022438.2024562,0.8795946836471558
1745022438.2516487,0.8765263557434082
1745022438.3000734,0.8755035400390625
1745022438.3493335,0.8806174993515015
1745022438.400939,0.8765263557434082
1745022438.4500213,0.8755035400390625
1745022438.500126,0.8632301092147827
1745022438.549283,0.8755035400390625
1745022438.6110587,0.901073157787323
1745022438.651611,0.8724352121353149
1745022438.7013404,0.8918681144714355
1745022438.7507098,0.8898225426673889
1745022438.8022485,0.867321252822876
1745022438.8516152,0.8816402554512024
1745022438.9012167,0.8744807839393616
1745022438.9523475,0.8949364423751831
1745022439.0036087,0.8857313990592957
1745022439.0532749,0.8734579682350159
1745022439.103873,0.8724352121353149
